order_id,session_id,user_id,date,month,subject,package,price,device,source,ab_group
ORD0001,S00005,U0003,2024-10-01,2024-10,Mathematics,Trial,49,Desktop,Organic,
ORD0002,S00074,U0015,2024-10-02,2024-10,English,Trial,49,Desktop,Organic,
ORD0003,S00075,U0051,2024-10-02,2024-10,English,Term,399,Desktop,Organic,
ORD0004,S00116,U0079,2024-10-03,2024-10,Physics,Monthly,149,Desktop,Email,
ORD0005,S00123,U0083,2024-10-03,2024-10,Mathematics,Trial,49,Desktop,Organic,
ORD0006,S00131,U0088,2024-10-04,2024-10,Science,Monthly,149,Mobile,Email,
ORD0007,S00136,U0092,2024-10-04,2024-10,Science,Trial,49,Mobile,Social,
ORD0008,S00167,U0056,2024-10-04,2024-10,English,Trial,49,Desktop,Organic,
ORD0009,S00179,U0120,2024-10-05,2024-10,Physics,Monthly,149,Desktop,Social,
ORD0010,S00189,U0004,2024-10-05,2024-10,English,Term,399,Desktop,Direct,
ORD0011,S00200,U0138,2024-10-05,2024-10,Physics,Monthly,149,Desktop,Email,
ORD0012,S00214,U0146,2024-10-05,2024-10,Science,Trial,49,Mobile,Email,
ORD0013,S00220,U0152,2024-10-06,2024-10,English,Monthly,149,Mobile,Email,
ORD0014,S00233,U0163,2024-10-06,2024-10,Physics,Monthly,149,Desktop,Organic,
ORD0015,S00243,U0168,2024-10-06,2024-10,English,Monthly,149,Desktop,Email,
ORD0016,S00270,U0190,2024-10-07,2024-10,Chemistry,Monthly,149,Desktop,Direct,
ORD0017,S00304,U0064,2024-10-08,2024-10,English,Term,399,Desktop,Email,
ORD0018,S00374,U0262,2024-10-09,2024-10,Mathematics,Monthly,149,Desktop,Organic,
ORD0019,S00382,U0269,2024-10-09,2024-10,Physics,Monthly,149,Mobile,Direct,
ORD0020,S00413,U0289,2024-10-10,2024-10,Science,Trial,49,Tablet,Direct,
ORD0021,S00459,U0327,2024-10-11,2024-10,Science,Term,399,Tablet,Email,
ORD0022,S00473,U0335,2024-10-12,2024-10,Mathematics,Trial,49,Mobile,Direct,
ORD0023,S00505,U0361,2024-10-12,2024-10,English,Monthly,149,Desktop,Direct,
ORD0024,S00525,U0373,2024-10-13,2024-10,Science,Trial,49,Desktop,Organic,
ORD0025,S00531,U0377,2024-10-13,2024-10,English,Monthly,149,Desktop,Email,
ORD0026,S00535,U0062,2024-10-13,2024-10,Science,Trial,49,Mobile,Organic,
ORD0027,S00540,U0384,2024-10-13,2024-10,Science,Monthly,149,Mobile,Email,
ORD0028,S00556,U0392,2024-10-13,2024-10,Science,Term,399,Desktop,Email,
ORD0029,S00582,U0413,2024-10-14,2024-10,Biology,Term,399,Desktop,Organic,
ORD0030,S00603,U0430,2024-10-14,2024-10,Biology,Trial,49,Desktop,Social,
ORD0031,S00636,U0455,2024-10-15,2024-10,Science,Trial,49,Desktop,Email,
ORD0032,S00647,U0185,2024-10-15,2024-10,Chemistry,Term,399,Desktop,Email,
ORD0033,S00665,U0472,2024-10-16,2024-10,Mathematics,Monthly,149,Desktop,Direct,
ORD0034,S00710,U0253,2024-10-17,2024-10,Physics,Monthly,149,Mobile,Organic,
ORD0035,S00755,U0528,2024-10-18,2024-10,English,Trial,49,Mobile,Social,
ORD0036,S00758,U0531,2024-10-18,2024-10,Chemistry,Trial,49,Mobile,Email,
ORD0037,S00781,U0550,2024-10-18,2024-10,Science,Term,399,Desktop,Social,
ORD0038,S00782,U0551,2024-10-18,2024-10,English,Monthly,149,Desktop,Email,
ORD0039,S00790,U0558,2024-10-18,2024-10,Chemistry,Trial,49,Desktop,Organic,
ORD0040,S00824,U0586,2024-10-19,2024-10,Physics,Trial,49,Tablet,Organic,
ORD0041,S00843,U0597,2024-10-20,2024-10,English,Term,399,Desktop,Organic,
ORD0042,S00850,U0603,2024-10-20,2024-10,Science,Monthly,149,Mobile,Direct,
ORD0043,S00853,U0605,2024-10-20,2024-10,Mathematics,Monthly,149,Mobile,Email,
ORD0044,S00877,U0621,2024-10-21,2024-10,Biology,Trial,49,Tablet,Organic,
ORD0045,S00879,U0622,2024-10-21,2024-10,Physics,Trial,49,Desktop,Direct,
ORD0046,S00880,U0623,2024-10-21,2024-10,Science,Monthly,149,Desktop,Direct,
ORD0047,S00882,U0484,2024-10-21,2024-10,English,Trial,49,Desktop,Email,
ORD0048,S00897,U0116,2024-10-21,2024-10,Mathematics,Monthly,149,Mobile,Organic,
ORD0049,S00932,U0661,2024-10-22,2024-10,Biology,Term,399,Desktop,Organic,
ORD0050,S00956,U0680,2024-10-22,2024-10,Mathematics,Term,399,Desktop,Organic,
ORD0051,S00960,U0155,2024-10-22,2024-10,Mathematics,Term,399,Mobile,Direct,
ORD0052,S00964,U0686,2024-10-22,2024-10,Chemistry,Term,399,Desktop,Social,
ORD0053,S00965,U0687,2024-10-22,2024-10,English,Monthly,149,Mobile,Direct,
ORD0054,S00967,U0689,2024-10-22,2024-10,Chemistry,Monthly,149,Desktop,Direct,
ORD0055,S00989,U0323,2024-10-23,2024-10,Biology,Trial,49,Mobile,Social,
ORD0056,S00997,U0355,2024-10-23,2024-10,Biology,Term,399,Desktop,Direct,
ORD0057,S01001,U0714,2024-10-23,2024-10,Science,Trial,49,Desktop,Organic,
ORD0058,S01016,U0724,2024-10-24,2024-10,Mathematics,Term,399,Mobile,Email,
ORD0059,S01022,U0729,2024-10-24,2024-10,Chemistry,Term,399,Mobile,Email,
ORD0060,S01042,U0746,2024-10-24,2024-10,English,Term,399,Mobile,Direct,
ORD0061,S01154,U0821,2024-10-27,2024-10,Physics,Term,399,Desktop,Organic,
ORD0062,S01161,U0828,2024-10-27,2024-10,Mathematics,Monthly,149,Desktop,Email,
ORD0063,S01166,U0489,2024-10-27,2024-10,Mathematics,Monthly,149,Tablet,Email,
ORD0064,S01168,U0833,2024-10-27,2024-10,Chemistry,Trial,49,Mobile,Paid,
ORD0065,S01214,U0865,2024-10-28,2024-10,Mathematics,Monthly,149,Desktop,Direct,
ORD0066,S01229,U0522,2024-10-28,2024-10,English,Monthly,149,Desktop,Email,
ORD0067,S01230,U0874,2024-10-28,2024-10,English,Monthly,149,Desktop,Social,
ORD0068,S01242,U0880,2024-10-29,2024-10,Mathematics,Monthly,149,Tablet,Organic,
ORD0069,S01249,U0886,2024-10-29,2024-10,Mathematics,Trial,49,Desktop,Organic,
ORD0070,S01251,U0888,2024-10-29,2024-10,Chemistry,Monthly,149,Mobile,Organic,
ORD0071,S01279,U0908,2024-10-29,2024-10,Mathematics,Trial,49,Desktop,Organic,
ORD0072,S01284,U0013,2024-10-30,2024-10,Mathematics,Monthly,149,Desktop,Email,
ORD0073,S01289,U0913,2024-10-30,2024-10,English,Term,399,Mobile,Organic,
ORD0074,S01295,U0917,2024-10-30,2024-10,Mathematics,Monthly,149,Desktop,Organic,
ORD0075,S01321,U0933,2024-10-30,2024-10,English,Term,399,Desktop,Direct,
ORD0076,S01327,U0225,2024-10-31,2024-10,Mathematics,Trial,49,Mobile,Social,
ORD0077,S01359,U0961,2024-10-31,2024-10,English,Monthly,149,Desktop,Organic,
ORD0078,S01372,U0969,2024-11-01,2024-11,Physics,Trial,49,Tablet,Direct,
ORD0079,S01415,U1003,2024-11-01,2024-11,Mathematics,Trial,49,Desktop,Paid,
ORD0080,S01424,U1009,2024-11-01,2024-11,Mathematics,Term,399,Desktop,Email,
ORD0081,S01428,U1012,2024-11-01,2024-11,Science,Trial,49,Desktop,Direct,
ORD0082,S01459,U1036,2024-11-02,2024-11,English,Term,399,Tablet,Organic,
ORD0083,S01462,U1038,2024-11-02,2024-11,Science,Monthly,149,Desktop,Email,
ORD0084,S01506,U0119,2024-11-02,2024-11,Chemistry,Monthly,149,Mobile,Paid,
ORD0085,S01522,U0827,2024-11-02,2024-11,Mathematics,Trial,49,Mobile,Organic,
ORD0086,S01554,U0094,2024-11-03,2024-11,Biology,Trial,49,Desktop,Direct,
ORD0087,S01573,U1115,2024-11-03,2024-11,English,Term,399,Desktop,Email,
ORD0088,S01582,U1123,2024-11-03,2024-11,English,Monthly,149,Tablet,Organic,
ORD0089,S01593,U0845,2024-11-03,2024-11,Chemistry,Trial,49,Desktop,Social,
ORD0090,S01603,U1141,2024-11-03,2024-11,English,Trial,49,Mobile,Email,
ORD0091,S01604,U1142,2024-11-03,2024-11,English,Monthly,149,Mobile,Direct,
ORD0092,S01614,U0849,2024-11-04,2024-11,Chemistry,Term,399,Desktop,Paid,
ORD0093,S01618,U1153,2024-11-04,2024-11,English,Trial,49,Mobile,Organic,
ORD0094,S01643,U0219,2024-11-04,2024-11,Physics,Trial,49,Tablet,Email,
ORD0095,S01692,U1209,2024-11-05,2024-11,Chemistry,Monthly,149,Mobile,Direct,
ORD0096,S01702,U0151,2024-11-05,2024-11,Mathematics,Trial,49,Desktop,Organic,
ORD0097,S01713,U1222,2024-11-05,2024-11,Science,Term,399,Desktop,Organic,
ORD0098,S01788,U1270,2024-11-06,2024-11,Science,Monthly,149,Mobile,Paid,
ORD0099,S01789,U1271,2024-11-06,2024-11,Chemistry,Monthly,149,Desktop,Organic,
ORD0100,S01810,U1288,2024-11-06,2024-11,Science,Trial,49,Mobile,Email,
ORD0101,S01840,U1313,2024-11-07,2024-11,Physics,Monthly,149,Desktop,Organic,
ORD0102,S01850,U1321,2024-11-07,2024-11,Mathematics,Trial,49,Desktop,Email,
ORD0103,S01865,U1333,2024-11-07,2024-11,Mathematics,Trial,49,Mobile,Organic,
ORD0104,S01898,U1352,2024-11-07,2024-11,English,Monthly,149,Mobile,Direct,
ORD0105,S01902,U1355,2024-11-07,2024-11,English,Term,399,Desktop,Email,
ORD0106,S01945,U1387,2024-11-08,2024-11,Mathematics,Monthly,149,Desktop,Email,
ORD0107,S01965,U0622,2024-11-08,2024-11,Physics,Monthly,149,Mobile,Direct,
ORD0108,S01969,U1402,2024-11-08,2024-11,English,Monthly,149,Tablet,Organic,
ORD0109,S01984,U1412,2024-11-08,2024-11,Chemistry,Term,399,Desktop,Organic,
ORD0110,S01987,U0309,2024-11-08,2024-11,Mathematics,Monthly,149,Mobile,Organic,
ORD0111,S01999,U1424,2024-11-08,2024-11,Science,Trial,49,Mobile,Email,
ORD0112,S02004,U1429,2024-11-09,2024-11,Mathematics,Trial,49,Desktop,Direct,
ORD0113,S02007,U1431,2024-11-09,2024-11,English,Trial,49,Desktop,Direct,
ORD0114,S02017,U1438,2024-11-09,2024-11,English,Monthly,149,Desktop,Organic,
ORD0115,S02023,U1444,2024-11-09,2024-11,Physics,Trial,49,Mobile,Email,
ORD0116,S02054,U1464,2024-11-09,2024-11,Mathematics,Trial,49,Desktop,Email,
ORD0117,S02076,U1482,2024-11-10,2024-11,Physics,Term,399,Desktop,Organic,
ORD0118,S02080,U0645,2024-11-10,2024-11,Mathematics,Trial,49,Mobile,Organic,
ORD0119,S02100,U1074,2024-11-10,2024-11,Chemistry,Monthly,149,Desktop,Organic,
ORD0120,S02119,U1510,2024-11-10,2024-11,Science,Monthly,149,Desktop,Direct,
ORD0121,S02141,U1524,2024-11-11,2024-11,Chemistry,Trial,49,Desktop,Organic,
ORD0122,S02150,U1530,2024-11-11,2024-11,English,Trial,49,Desktop,Email,
ORD0123,S02204,U1570,2024-11-11,2024-11,Science,Term,399,Desktop,Direct,
ORD0124,S02233,U1589,2024-11-12,2024-11,English,Term,399,Mobile,Direct,
ORD0125,S02243,U0180,2024-11-12,2024-11,Chemistry,Trial,49,Desktop,Organic,
ORD0126,S02267,U0397,2024-11-12,2024-11,Science,Monthly,149,Desktop,Social,
ORD0127,S02272,U1619,2024-11-12,2024-11,Mathematics,Trial,49,Mobile,Direct,
ORD0128,S02275,U1620,2024-11-12,2024-11,Mathematics,Monthly,149,Desktop,Organic,
ORD0129,S02287,U1629,2024-11-13,2024-11,Physics,Monthly,149,Mobile,Social,
ORD0130,S02300,U1639,2024-11-13,2024-11,English,Monthly,149,Desktop,Social,
ORD0131,S02308,U1484,2024-11-13,2024-11,Science,Trial,49,Tablet,Direct,
ORD0132,S02319,U0235,2024-11-13,2024-11,Mathematics,Monthly,149,Mobile,Direct,
ORD0133,S02325,U1653,2024-11-13,2024-11,Science,Term,399,Desktop,Organic,
ORD0134,S02326,U1384,2024-11-13,2024-11,Mathematics,Monthly,149,Desktop,Social,
ORD0135,S02327,U1654,2024-11-13,2024-11,Mathematics,Term,399,Desktop,Email,
ORD0136,S02343,U1667,2024-11-13,2024-11,Science,Monthly,149,Desktop,Direct,
ORD0137,S02365,U1685,2024-11-13,2024-11,Chemistry,Monthly,149,Mobile,Email,
ORD0138,S02389,U1328,2024-11-14,2024-11,English,Monthly,149,Mobile,Paid,
ORD0139,S02398,U1709,2024-11-14,2024-11,Chemistry,Trial,49,Mobile,Email,
ORD0140,S02408,U1716,2024-11-14,2024-11,Physics,Trial,49,Mobile,Email,
ORD0141,S02412,U1720,2024-11-14,2024-11,English,Trial,49,Desktop,Organic,
ORD0142,S02444,U1739,2024-11-14,2024-11,Biology,Trial,49,Desktop,Email,
ORD0143,S02461,U1269,2024-11-15,2024-11,Biology,Monthly,149,Desktop,Email,B
ORD0144,S02479,U1008,2024-11-15,2024-11,Mathematics,Monthly,149,Desktop,Email,B
ORD0145,S02484,U0914,2024-11-15,2024-11,Physics,Monthly,149,Desktop,Social,A
ORD0146,S02488,U1767,2024-11-15,2024-11,Mathematics,Trial,49,Mobile,Direct,A
ORD0147,S02492,U0463,2024-11-15,2024-11,Mathematics,Trial,49,Mobile,Paid,A
ORD0148,S02508,U1782,2024-11-15,2024-11,English,Monthly,149,Desktop,Direct,A
ORD0149,S02522,U1791,2024-11-15,2024-11,English,Monthly,149,Desktop,Email,A
ORD0150,S02545,U1804,2024-11-16,2024-11,English,Term,399,Mobile,Direct,A
ORD0151,S02548,U1805,2024-11-16,2024-11,Science,Term,399,Desktop,Email,A
ORD0152,S02557,U1812,2024-11-16,2024-11,English,Trial,49,Desktop,Email,B
ORD0153,S02569,U0452,2024-11-16,2024-11,Physics,Monthly,149,Desktop,Email,A
ORD0154,S02570,U1819,2024-11-16,2024-11,English,Monthly,149,Desktop,Organic,B
ORD0155,S02575,U0261,2024-11-16,2024-11,Mathematics,Trial,49,Desktop,Organic,B
ORD0156,S02593,U1832,2024-11-16,2024-11,Chemistry,Term,399,Mobile,Email,B
ORD0157,S02598,U1837,2024-11-16,2024-11,English,Monthly,149,Desktop,Social,A
ORD0158,S02605,U1844,2024-11-17,2024-11,Chemistry,Monthly,149,Mobile,Direct,A
ORD0159,S02634,U1865,2024-11-17,2024-11,English,Monthly,149,Desktop,Paid,B
ORD0160,S02640,U1868,2024-11-17,2024-11,Science,Trial,49,Desktop,Organic,A
ORD0161,S02650,U1732,2024-11-17,2024-11,Science,Monthly,149,Tablet,Social,B
ORD0162,S02658,U1449,2024-11-17,2024-11,English,Trial,49,Desktop,Organic,A
ORD0163,S02697,U1908,2024-11-18,2024-11,Science,Trial,49,Mobile,Organic,B
ORD0164,S02705,U1621,2024-11-18,2024-11,Chemistry,Trial,49,Desktop,Email,A
ORD0165,S02715,U1920,2024-11-18,2024-11,Chemistry,Term,399,Desktop,Email,B
ORD0166,S02744,U1939,2024-11-19,2024-11,Biology,Monthly,149,Desktop,Email,A
ORD0167,S02751,U0221,2024-11-19,2024-11,Mathematics,Monthly,149,Desktop,Email,A
ORD0168,S02766,U1954,2024-11-19,2024-11,English,Trial,49,Desktop,Paid,B
ORD0169,S02787,U1969,2024-11-19,2024-11,Physics,Trial,49,Desktop,Email,B
ORD0170,S02802,U1980,2024-11-19,2024-11,English,Monthly,149,Mobile,Email,A
ORD0171,S02804,U1982,2024-11-19,2024-11,Mathematics,Term,399,Desktop,Social,A
ORD0172,S02812,U1988,2024-11-19,2024-11,English,Monthly,149,Desktop,Social,A
ORD0173,S02816,U1992,2024-11-19,2024-11,Mathematics,Monthly,149,Desktop,Direct,A
ORD0174,S02907,U2054,2024-11-21,2024-11,English,Term,399,Mobile,Email,A
ORD0175,S02931,U2076,2024-11-21,2024-11,Science,Monthly,149,Mobile,Organic,A
ORD0176,S02948,U0692,2024-11-21,2024-11,Mathematics,Monthly,149,Desktop,Direct,A
ORD0177,S02951,U2092,2024-11-21,2024-11,Science,Monthly,149,Mobile,Social,B
ORD0178,S02989,U2119,2024-11-22,2024-11,Chemistry,Term,399,Desktop,Social,A
ORD0179,S03003,U2127,2024-11-22,2024-11,Mathematics,Monthly,149,Desktop,Paid,A
ORD0180,S03045,U2158,2024-11-22,2024-11,Physics,Trial,49,Desktop,Organic,B
ORD0181,S03054,U0074,2024-11-22,2024-11,English,Monthly,149,Desktop,Social,A
ORD0182,S03062,U0554,2024-11-23,2024-11,Biology,Term,399,Mobile,Organic,A
ORD0183,S03069,U2174,2024-11-23,2024-11,Mathematics,Term,399,Mobile,Organic,A
ORD0184,S03082,U2181,2024-11-23,2024-11,Science,Monthly,149,Mobile,Paid,B
ORD0185,S03086,U2185,2024-11-23,2024-11,Physics,Term,399,Mobile,Paid,A
ORD0186,S03132,U2216,2024-11-24,2024-11,English,Monthly,149,Desktop,Direct,B
ORD0187,S03137,U2220,2024-11-24,2024-11,English,Trial,49,Desktop,Direct,B
ORD0188,S03151,U2232,2024-11-24,2024-11,Science,Term,399,Mobile,Email,B
ORD0189,S03183,U1875,2024-11-24,2024-11,Mathematics,Term,399,Mobile,Email,B
ORD0190,S03189,U1187,2024-11-24,2024-11,English,Trial,49,Mobile,Paid,B
ORD0191,S03195,U2003,2024-11-24,2024-11,Mathematics,Monthly,149,Mobile,Organic,B
ORD0192,S03265,U1952,2024-11-25,2024-11,Science,Trial,49,Mobile,Social,B
ORD0193,S03288,U2319,2024-11-26,2024-11,Science,Monthly,149,Desktop,Email,B
ORD0194,S03296,U2323,2024-11-26,2024-11,Biology,Trial,49,Mobile,Direct,B
ORD0195,S03309,U2334,2024-11-26,2024-11,Science,Trial,49,Tablet,Paid,B
ORD0196,S03310,U2335,2024-11-26,2024-11,Mathematics,Trial,49,Mobile,Direct,B
ORD0197,S03321,U1811,2024-11-26,2024-11,Mathematics,Trial,49,Mobile,Email,B
ORD0198,S03332,U0421,2024-11-26,2024-11,Mathematics,Trial,49,Mobile,Paid,B
ORD0199,S03344,U2361,2024-11-26,2024-11,Chemistry,Monthly,149,Desktop,Organic,A
ORD0200,S03347,U2363,2024-11-26,2024-11,English,Trial,49,Desktop,Direct,A
ORD0201,S03384,U1013,2024-11-27,2024-11,English,Monthly,149,Desktop,Organic,A
ORD0202,S03422,U2416,2024-11-27,2024-11,Biology,Monthly,149,Desktop,Organic,A
ORD0203,S03451,U2124,2024-11-28,2024-11,Mathematics,Trial,49,Desktop,Organic,B
ORD0204,S03455,U0846,2024-11-28,2024-11,English,Monthly,149,Mobile,Email,B
ORD0205,S03536,U2490,2024-11-29,2024-11,Science,Monthly,149,Desktop,Social,B
ORD0206,S03572,U0777,2024-11-29,2024-11,English,Term,399,Desktop,Email,B
ORD0207,S03622,U2544,2024-11-30,2024-11,Mathematics,Trial,49,Tablet,Direct,A
ORD0208,S03634,U2553,2024-11-30,2024-11,Physics,Monthly,149,Desktop,Organic,A
ORD0209,S03641,U2559,2024-11-30,2024-11,Science,Term,399,Desktop,Organic,A
ORD0210,S03642,U2560,2024-11-30,2024-11,Biology,Monthly,149,Desktop,Paid,B
ORD0211,S03652,U2567,2024-11-30,2024-11,Chemistry,Monthly,149,Mobile,Organic,B
ORD0212,S03678,U2586,2024-12-01,2024-12,Mathematics,Term,399,Desktop,Direct,B
ORD0213,S03685,U2591,2024-12-01,2024-12,Chemistry,Monthly,149,Desktop,Email,B
ORD0214,S03698,U2603,2024-12-02,2024-12,English,Term,399,Desktop,Email,A
ORD0215,S03737,U1333,2024-12-03,2024-12,English,Monthly,149,Desktop,Email,A
ORD0216,S03745,U2636,2024-12-03,2024-12,Mathematics,Trial,49,Mobile,Email,B
ORD0217,S03753,U2640,2024-12-04,2024-12,English,Monthly,149,Mobile,Organic,B
ORD0218,S03777,U2177,2024-12-04,2024-12,Chemistry,Trial,49,Desktop,Email,A
ORD0219,S03778,U2656,2024-12-04,2024-12,Chemistry,Term,399,Desktop,Direct,A
ORD0220,S03807,U2679,2024-12-05,2024-12,Chemistry,Monthly,149,Desktop,Email,A
ORD0221,S03848,U2705,2024-12-06,2024-12,Chemistry,Term,399,Desktop,Organic,A
ORD0222,S03850,U1167,2024-12-07,2024-12,Science,Term,399,Mobile,Organic,B
ORD0223,S03856,U2711,2024-12-07,2024-12,English,Monthly,149,Mobile,Email,B
ORD0224,S03884,U2729,2024-12-08,2024-12,Mathematics,Term,399,Desktop,Direct,B
ORD0225,S03918,U0754,2024-12-09,2024-12,Mathematics,Trial,49,Desktop,Organic,A
ORD0226,S03956,U2772,2024-12-10,2024-12,English,Trial,49,Mobile,Direct,B
ORD0227,S03957,U1573,2024-12-10,2024-12,Physics,Term,399,Tablet,Organic,A
ORD0228,S03959,U2774,2024-12-10,2024-12,Physics,Trial,49,Desktop,Social,A
ORD0229,S03962,U2776,2024-12-10,2024-12,Mathematics,Trial,49,Desktop,Paid,A
ORD0230,S03970,U2781,2024-12-10,2024-12,Chemistry,Trial,49,Desktop,Email,A
ORD0231,S03972,U2782,2024-12-10,2024-12,Physics,Term,399,Desktop,Social,B
ORD0232,S03993,U2795,2024-12-11,2024-12,Mathematics,Monthly,149,Desktop,Organic,B
ORD0233,S04014,U2809,2024-12-12,2024-12,English,Trial,49,Desktop,Direct,B
ORD0234,S04028,U0657,2024-12-12,2024-12,Science,Term,399,Desktop,Organic,A
ORD0235,S04041,U2826,2024-12-13,2024-12,Physics,Trial,49,Desktop,Direct,B
ORD0236,S04050,U2831,2024-12-13,2024-12,English,Monthly,149,Desktop,Organic,A
ORD0237,S04056,U2835,2024-12-13,2024-12,English,Trial,49,Mobile,Email,B
ORD0238,S04061,U2839,2024-12-13,2024-12,Chemistry,Monthly,149,Tablet,Paid,B
ORD0239,S04063,U2840,2024-12-13,2024-12,Chemistry,Term,399,Desktop,Email,B
ORD0240,S04092,U2796,2024-12-14,2024-12,English,Monthly,149,Desktop,Organic,B
ORD0241,S04097,U2864,2024-12-14,2024-12,Mathematics,Term,399,Desktop,Organic,B
ORD0242,S04109,U2328,2024-12-15,2024-12,Physics,Term,399,Desktop,Organic,A
ORD0243,S04115,U2877,2024-12-15,2024-12,Science,Monthly,149,Mobile,Email,B
ORD0244,S04138,U2894,2024-12-15,2024-12,Mathematics,Trial,49,Desktop,Email,A
ORD0245,S04143,U2898,2024-12-16,2024-12,Mathematics,Trial,49,Desktop,Email,A
ORD0246,S04144,U2899,2024-12-16,2024-12,Science,Trial,49,Tablet,Organic,A
ORD0247,S04158,U2661,2024-12-16,2024-12,English,Trial,49,Desktop,Organic,B
ORD0248,S04190,U0383,2024-12-17,2024-12,Science,Monthly,149,Desktop,Organic,A
ORD0249,S04212,U1224,2024-12-18,2024-12,English,Trial,49,Desktop,Paid,B
ORD0250,S04264,U1650,2024-12-19,2024-12,Science,Trial,49,Desktop,Direct,B
ORD0251,S04266,U2981,2024-12-19,2024-12,Chemistry,Monthly,149,Mobile,Social,B
ORD0252,S04273,U2986,2024-12-19,2024-12,Mathematics,Term,399,Mobile,Email,B
ORD0253,S04282,U2992,2024-12-20,2024-12,Mathematics,Monthly,149,Desktop,Email,A
ORD0254,S04328,U2180,2024-12-21,2024-12,Science,Trial,49,Desktop,Email,B
ORD0255,S04340,U3029,2024-12-22,2024-12,Science,Monthly,149,Desktop,Paid,A
ORD0256,S04352,U1880,2024-12-22,2024-12,Physics,Monthly,149,Mobile,Direct,B
ORD0257,S04379,U1208,2024-12-23,2024-12,English,Term,399,Desktop,Direct,B
ORD0258,S04426,U3096,2024-12-24,2024-12,English,Term,399,Mobile,Email,B
ORD0259,S04446,U3107,2024-12-25,2024-12,Physics,Monthly,149,Desktop,Direct,B
ORD0260,S04454,U3113,2024-12-25,2024-12,English,Monthly,149,Mobile,Email,A
ORD0261,S04466,U3123,2024-12-25,2024-12,Physics,Monthly,149,Desktop,Organic,B
ORD0262,S04473,U3126,2024-12-25,2024-12,Physics,Trial,49,Desktop,Organic,A
ORD0263,S04483,U2385,2024-12-26,2024-12,English,Trial,49,Desktop,Organic,A
ORD0264,S04497,U3141,2024-12-26,2024-12,English,Monthly,149,Tablet,Organic,B
ORD0265,S04498,U3142,2024-12-26,2024-12,Physics,Trial,49,Mobile,Organic,A
ORD0266,S04505,U3148,2024-12-26,2024-12,Science,Monthly,149,Desktop,Direct,A
ORD0267,S04508,U0123,2024-12-27,2024-12,Biology,Monthly,149,Desktop,Direct,B
ORD0268,S04510,U3152,2024-12-27,2024-12,English,Monthly,149,Desktop,Organic,A
ORD0269,S04519,U2963,2024-12-27,2024-12,Chemistry,Trial,49,Desktop,Direct,A
ORD0270,S04523,U0227,2024-12-27,2024-12,Science,Trial,49,Desktop,Direct,B
ORD0271,S04526,U3161,2024-12-27,2024-12,Mathematics,Monthly,149,Mobile,Social,B
ORD0272,S04537,U0233,2024-12-28,2024-12,Biology,Term,399,Desktop,Paid,B
ORD0273,S04566,U3185,2024-12-29,2024-12,Physics,Trial,49,Desktop,Organic,A
ORD0274,S04574,U3192,2024-12-29,2024-12,Physics,Monthly,149,Desktop,Email,A
ORD0275,S04591,U3206,2024-12-30,2024-12,English,Trial,49,Desktop,Organic,A
ORD0276,S04600,U2682,2024-12-30,2024-12,Chemistry,Trial,49,Mobile,Direct,B
ORD0277,S04602,U3211,2024-12-30,2024-12,Science,Monthly,149,Desktop,Social,A
ORD0278,S04603,U3212,2024-12-30,2024-12,Science,Term,399,Desktop,Organic,B
ORD0279,S04618,U2422,2024-12-30,2024-12,English,Monthly,149,Desktop,Organic,B
ORD0280,S04623,U3226,2024-12-30,2024-12,Chemistry,Monthly,149,Mobile,Organic,B
ORD0281,S04625,U3228,2024-12-30,2024-12,Science,Trial,49,Desktop,Direct,B
ORD0282,S04650,U3246,2024-12-31,2024-12,English,Monthly,149,Mobile,Email,B
ORD0283,S04661,U3253,2024-12-31,2024-12,Mathematics,Monthly,149,Desktop,Direct,A
ORD0284,S04697,U3276,2025-01-01,2025-01,Mathematics,Monthly,149,Tablet,Email,A
ORD0285,S04702,U3280,2025-01-01,2025-01,Mathematics,Monthly,149,Desktop,Email,B
ORD0286,S04707,U3284,2025-01-02,2025-01,Chemistry,Monthly,149,Desktop,Organic,A
ORD0287,S04708,U3285,2025-01-02,2025-01,Mathematics,Monthly,149,Desktop,Direct,B
ORD0288,S04714,U3286,2025-01-02,2025-01,English,Monthly,149,Mobile,Organic,A
ORD0289,S04716,U3287,2025-01-02,2025-01,Chemistry,Trial,49,Tablet,Paid,B
ORD0290,S04732,U3299,2025-01-02,2025-01,Mathematics,Trial,49,Mobile,Social,A
ORD0291,S04744,U2211,2025-01-03,2025-01,Mathematics,Trial,49,Mobile,Organic,B
ORD0292,S04764,U3319,2025-01-03,2025-01,Physics,Trial,49,Mobile,Paid,A
ORD0293,S04780,U3333,2025-01-04,2025-01,Mathematics,Monthly,149,Desktop,Paid,A
ORD0294,S04800,U2865,2025-01-04,2025-01,Biology,Term,399,Desktop,Direct,B
ORD0295,S04822,U3363,2025-01-05,2025-01,Science,Trial,49,Desktop,Organic,A
ORD0296,S04825,U2576,2025-01-05,2025-01,Mathematics,Trial,49,Desktop,Social,A
ORD0297,S04831,U0625,2025-01-05,2025-01,Mathematics,Monthly,149,Mobile,Email,A
ORD0298,S04856,U3387,2025-01-06,2025-01,Biology,Trial,49,Mobile,Email,B
ORD0299,S04866,U3396,2025-01-07,2025-01,English,Term,399,Desktop,Organic,B
ORD0300,S04887,U3413,2025-01-08,2025-01,Chemistry,Term,399,Desktop,Organic,B
ORD0301,S04889,U3415,2025-01-08,2025-01,Physics,Monthly,149,Desktop,Email,A
ORD0302,S04896,U3420,2025-01-08,2025-01,Science,Monthly,149,Desktop,Email,B
ORD0303,S04968,U3467,2025-01-10,2025-01,Science,Trial,49,Desktop,Direct,B
ORD0304,S04980,U3303,2025-01-11,2025-01,Physics,Monthly,149,Mobile,Email,B
ORD0305,S04981,U3475,2025-01-11,2025-01,English,Monthly,149,Desktop,Email,A
ORD0306,S05003,U3492,2025-01-11,2025-01,Mathematics,Term,399,Tablet,Organic,A
ORD0307,S05014,U3497,2025-01-11,2025-01,English,Monthly,149,Desktop,Direct,B
ORD0308,S05031,U3512,2025-01-12,2025-01,English,Monthly,149,Desktop,Organic,B
ORD0309,S05042,U3518,2025-01-12,2025-01,English,Trial,49,Desktop,Organic,A
ORD0310,S05073,U1182,2025-01-14,2025-01,Physics,Trial,49,Mobile,Organic,A
ORD0311,S05130,U0934,2025-01-15,2025-01,Mathematics,Trial,49,Desktop,Organic,B
ORD0312,S05149,U2721,2025-01-15,2025-01,English,Monthly,149,Mobile,Organic,A
ORD0313,S05161,U3601,2025-01-16,2025-01,Chemistry,Trial,49,Desktop,Email,A
ORD0314,S05166,U3604,2025-01-16,2025-01,Chemistry,Trial,49,Desktop,Email,B
ORD0315,S05203,U3628,2025-01-17,2025-01,English,Term,399,Mobile,Organic,A
ORD0316,S05204,U3629,2025-01-17,2025-01,English,Term,399,Desktop,Email,B
ORD0317,S05209,U3632,2025-01-17,2025-01,Science,Monthly,149,Desktop,Paid,A
ORD0318,S05241,U2165,2025-01-18,2025-01,English,Monthly,149,Desktop,Organic,A
ORD0319,S05291,U1872,2025-01-20,2025-01,Mathematics,Trial,49,Mobile,Social,B
ORD0320,S05310,U3702,2025-01-21,2025-01,Science,Monthly,149,Mobile,Direct,A
ORD0321,S05318,U0411,2025-01-21,2025-01,Biology,Term,399,Desktop,Email,A
ORD0322,S05343,U3725,2025-01-22,2025-01,Physics,Trial,49,Desktop,Social,B
ORD0323,S05357,U3736,2025-01-22,2025-01,English,Trial,49,Desktop,Direct,B
ORD0324,S05381,U1229,2025-01-23,2025-01,Science,Trial,49,Mobile,Social,A
ORD0325,S05384,U3750,2025-01-23,2025-01,English,Monthly,149,Desktop,Organic,B
ORD0326,S05390,U1436,2025-01-23,2025-01,Mathematics,Monthly,149,Desktop,Organic,B
ORD0327,S05392,U3756,2025-01-23,2025-01,Science,Trial,49,Desktop,Email,B
ORD0328,S05395,U1342,2025-01-23,2025-01,Biology,Monthly,149,Mobile,Direct,A
ORD0329,S05435,U3786,2025-01-25,2025-01,Mathematics,Monthly,149,Desktop,Paid,B
ORD0330,S05436,U3787,2025-01-25,2025-01,Biology,Term,399,Mobile,Direct,A
ORD0331,S05442,U3211,2025-01-25,2025-01,Mathematics,Term,399,Desktop,Email,A
ORD0332,S05465,U3807,2025-01-25,2025-01,Science,Trial,49,Desktop,Email,B
ORD0333,S05473,U3813,2025-01-26,2025-01,Chemistry,Monthly,149,Mobile,Organic,A
ORD0334,S05499,U3832,2025-01-27,2025-01,English,Monthly,149,Desktop,Paid,B
ORD0335,S05500,U3833,2025-01-27,2025-01,Science,Monthly,149,Mobile,Email,A
ORD0336,S05503,U3836,2025-01-27,2025-01,Science,Trial,49,Desktop,Organic,B
ORD0337,S05514,U3844,2025-01-27,2025-01,Science,Trial,49,Mobile,Organic,B
ORD0338,S05521,U0743,2025-01-27,2025-01,Biology,Monthly,149,Desktop,Social,B
ORD0339,S05533,U3860,2025-01-28,2025-01,Mathematics,Monthly,149,Desktop,Social,A
ORD0340,S05536,U2168,2025-01-28,2025-01,Science,Trial,49,Desktop,Social,B
ORD0341,S05539,U3864,2025-01-28,2025-01,Mathematics,Term,399,Desktop,Organic,B
ORD0342,S05576,U3890,2025-01-29,2025-01,English,Trial,49,Desktop,Direct,B
ORD0343,S05586,U3899,2025-01-29,2025-01,Science,Trial,49,Desktop,Email,A
ORD0344,S05603,U3910,2025-01-30,2025-01,Mathematics,Trial,49,Desktop,Direct,B
ORD0345,S05621,U0937,2025-01-30,2025-01,Chemistry,Trial,49,Mobile,Organic,B
ORD0346,S05622,U3923,2025-01-30,2025-01,English,Trial,49,Desktop,Email,A
ORD0347,S05623,U3924,2025-01-30,2025-01,Science,Monthly,149,Desktop,Paid,B
ORD0348,S05632,U2639,2025-01-31,2025-01,English,Monthly,149,Desktop,Organic,B
ORD0349,S05636,U3935,2025-01-31,2025-01,Science,Term,399,Tablet,Paid,A
ORD0350,S05640,U2805,2025-01-31,2025-01,English,Monthly,149,Desktop,Paid,B
ORD0351,S05641,U3938,2025-01-31,2025-01,Physics,Trial,49,Desktop,Organic,B
ORD0352,S05643,U3940,2025-01-31,2025-01,Biology,Monthly,149,Mobile,Direct,A
ORD0353,S05692,U3978,2025-02-01,2025-02,English,Monthly,149,Mobile,Direct,B
ORD0354,S05693,U0268,2025-02-01,2025-02,Mathematics,Trial,49,Desktop,Email,B
ORD0355,S05724,U4003,2025-02-02,2025-02,Science,Trial,49,Desktop,Direct,B
ORD0356,S05748,U4018,2025-02-02,2025-02,Mathematics,Term,399,Desktop,Email,B
ORD0357,S05752,U0309,2025-02-02,2025-02,Mathematics,Term,399,Mobile,Direct,B
ORD0358,S05793,U0699,2025-02-03,2025-02,Science,Monthly,149,Desktop,Organic,A
ORD0359,S05802,U1498,2025-02-03,2025-02,Chemistry,Trial,49,Desktop,Organic,B
ORD0360,S05813,U4056,2025-02-03,2025-02,Chemistry,Term,399,Desktop,Direct,B
ORD0361,S05851,U3005,2025-02-04,2025-02,English,Trial,49,Desktop,Organic,A
ORD0362,S05856,U1213,2025-02-04,2025-02,Mathematics,Term,399,Desktop,Organic,B
ORD0363,S05872,U4098,2025-02-04,2025-02,Chemistry,Monthly,149,Mobile,Direct,B
ORD0364,S05885,U0199,2025-02-05,2025-02,English,Monthly,149,Mobile,Email,A
ORD0365,S05893,U4112,2025-02-05,2025-02,English,Monthly,149,Desktop,Direct,A
ORD0366,S05895,U4114,2025-02-05,2025-02,Mathematics,Trial,49,Mobile,Paid,B
ORD0367,S05941,U4144,2025-02-06,2025-02,Chemistry,Trial,49,Mobile,Paid,B
ORD0368,S05993,U0133,2025-02-06,2025-02,English,Trial,49,Desktop,Direct,A
ORD0369,S06014,U4199,2025-02-07,2025-02,English,Trial,49,Mobile,Email,A
ORD0370,S06017,U4202,2025-02-07,2025-02,English,Monthly,149,Tablet,Direct,B
ORD0371,S06022,U4206,2025-02-07,2025-02,Physics,Trial,49,Desktop,Direct,A
ORD0372,S06025,U1334,2025-02-07,2025-02,Mathematics,Monthly,149,Desktop,Direct,B
ORD0373,S06039,U3881,2025-02-07,2025-02,English,Term,399,Mobile,Organic,B
ORD0374,S06053,U4224,2025-02-07,2025-02,Biology,Term,399,Desktop,Social,B
ORD0375,S06071,U4234,2025-02-08,2025-02,Mathematics,Trial,49,Mobile,Email,B
ORD0376,S06079,U4241,2025-02-08,2025-02,Chemistry,Monthly,149,Tablet,Social,B
ORD0377,S06120,U4268,2025-02-09,2025-02,English,Trial,49,Desktop,Email,B
ORD0378,S06144,U4282,2025-02-09,2025-02,Science,Term,399,Desktop,Email,B
ORD0379,S06170,U4302,2025-02-09,2025-02,Science,Monthly,149,Desktop,Organic,B
ORD0380,S06194,U0347,2025-02-10,2025-02,Chemistry,Monthly,149,Desktop,Paid,B
ORD0381,S06195,U4316,2025-02-10,2025-02,Physics,Trial,49,Mobile,Organic,A
ORD0382,S06249,U4358,2025-02-10,2025-02,Biology,Trial,49,Tablet,Organic,A
ORD0383,S06287,U0070,2025-02-11,2025-02,English,Monthly,149,Desktop,Email,B
ORD0384,S06314,U1272,2025-02-11,2025-02,Mathematics,Trial,49,Desktop,Organic,B
ORD0385,S06323,U4406,2025-02-12,2025-02,Biology,Trial,49,Desktop,Direct,A
ORD0386,S06349,U2725,2025-02-12,2025-02,Biology,Monthly,149,Mobile,Social,A
ORD0387,S06355,U4430,2025-02-12,2025-02,Biology,Term,399,Desktop,Direct,A
ORD0388,S06357,U1878,2025-02-12,2025-02,Science,Monthly,149,Tablet,Direct,A
ORD0389,S06361,U3415,2025-02-12,2025-02,Biology,Monthly,149,Desktop,Direct,B
ORD0390,S06370,U4442,2025-02-12,2025-02,Mathematics,Term,399,Mobile,Email,B
ORD0391,S06372,U3932,2025-02-12,2025-02,English,Trial,49,Desktop,Organic,A
ORD0392,S06378,U4445,2025-02-12,2025-02,Chemistry,Monthly,149,Mobile,Email,A
ORD0393,S06407,U1541,2025-02-13,2025-02,English,Monthly,149,Mobile,Email,B
ORD0394,S06419,U0874,2025-02-13,2025-02,Mathematics,Monthly,149,Desktop,Social,B
ORD0395,S06426,U4482,2025-02-13,2025-02,English,Monthly,149,Desktop,Email,A
ORD0396,S06443,U4492,2025-02-13,2025-02,Physics,Term,399,Desktop,Organic,B
ORD0397,S06444,U4493,2025-02-13,2025-02,Science,Monthly,149,Tablet,Organic,B
ORD0398,S06464,U4077,2025-02-14,2025-02,Chemistry,Monthly,149,Desktop,Social,B
ORD0399,S06471,U4512,2025-02-14,2025-02,Science,Monthly,149,Desktop,Email,A
ORD0400,S06474,U4514,2025-02-14,2025-02,English,Term,399,Desktop,Social,A
ORD0401,S06496,U4529,2025-02-14,2025-02,Mathematics,Monthly,149,Mobile,Organic,B
ORD0402,S06503,U4534,2025-02-14,2025-02,Biology,Term,399,Desktop,Direct,A
ORD0403,S06510,U4538,2025-02-15,2025-02,Chemistry,Monthly,149,Desktop,Social,A
ORD0404,S06528,U2101,2025-02-15,2025-02,Science,Trial,49,Desktop,Organic,B
ORD0405,S06529,U4552,2025-02-15,2025-02,English,Monthly,149,Desktop,Email,B
ORD0406,S06534,U4554,2025-02-15,2025-02,Mathematics,Term,399,Mobile,Direct,B
ORD0407,S06543,U4560,2025-02-15,2025-02,English,Term,399,Mobile,Direct,B
ORD0408,S06554,U3098,2025-02-15,2025-02,English,Monthly,149,Mobile,Organic,A
ORD0409,S06578,U4582,2025-02-16,2025-02,Mathematics,Monthly,149,Mobile,Email,A
ORD0410,S06592,U4589,2025-02-16,2025-02,Science,Term,399,Mobile,Direct,B
ORD0411,S06610,U4600,2025-02-16,2025-02,English,Monthly,149,Tablet,Organic,A
ORD0412,S06617,U4603,2025-02-16,2025-02,Science,Trial,49,Desktop,Organic,A
ORD0413,S06620,U4606,2025-02-16,2025-02,Physics,Monthly,149,Desktop,Paid,B
ORD0414,S06652,U4627,2025-02-17,2025-02,Science,Monthly,149,Mobile,Direct,A
ORD0415,S06663,U4636,2025-02-17,2025-02,English,Trial,49,Mobile,Social,B
ORD0416,S06690,U4656,2025-02-17,2025-02,Science,Monthly,149,Desktop,Direct,B
ORD0417,S06701,U4666,2025-02-18,2025-02,English,Monthly,149,Mobile,Email,A
ORD0418,S06718,U4680,2025-02-18,2025-02,Science,Monthly,149,Mobile,Email,B
ORD0419,S06727,U4685,2025-02-18,2025-02,English,Trial,49,Mobile,Email,A
ORD0420,S06743,U4697,2025-02-18,2025-02,Chemistry,Monthly,149,Mobile,Direct,B
ORD0421,S06769,U4718,2025-02-19,2025-02,Chemistry,Trial,49,Desktop,Direct,A
ORD0422,S06789,U1775,2025-02-19,2025-02,Physics,Trial,49,Desktop,Email,A
ORD0423,S06801,U4743,2025-02-19,2025-02,English,Monthly,149,Desktop,Social,B
ORD0424,S06808,U4748,2025-02-19,2025-02,Biology,Trial,49,Desktop,Organic,B
ORD0425,S06810,U4749,2025-02-19,2025-02,Physics,Trial,49,Desktop,Email,B
ORD0426,S06812,U4751,2025-02-19,2025-02,Mathematics,Trial,49,Desktop,Organic,B
ORD0427,S06829,U2159,2025-02-20,2025-02,Science,Trial,49,Mobile,Direct,B
ORD0428,S06882,U4796,2025-02-21,2025-02,Mathematics,Trial,49,Mobile,Organic,A
ORD0429,S06926,U4828,2025-02-21,2025-02,Science,Trial,49,Desktop,Direct,A
ORD0430,S06948,U4133,2025-02-22,2025-02,English,Trial,49,Desktop,Email,B
ORD0431,S06952,U4846,2025-02-22,2025-02,English,Monthly,149,Mobile,Email,A
ORD0432,S06972,U4858,2025-02-22,2025-02,Mathematics,Monthly,149,Desktop,Paid,B
ORD0433,S06978,U4864,2025-02-22,2025-02,Mathematics,Monthly,149,Mobile,Organic,A
ORD0434,S07002,U4881,2025-02-23,2025-02,Chemistry,Trial,49,Desktop,Organic,B
ORD0435,S07018,U4894,2025-02-23,2025-02,Mathematics,Trial,49,Desktop,Organic,B
ORD0436,S07024,U4898,2025-02-23,2025-02,English,Monthly,149,Mobile,Email,B
ORD0437,S07080,U4943,2025-02-24,2025-02,English,Monthly,149,Desktop,Social,B
ORD0438,S07113,U4964,2025-02-25,2025-02,Mathematics,Monthly,149,Mobile,Direct,B
ORD0439,S07114,U4965,2025-02-25,2025-02,Mathematics,Term,399,Mobile,Direct,B
ORD0440,S07125,U2331,2025-02-25,2025-02,Mathematics,Trial,49,Desktop,Organic,A
ORD0441,S07135,U4981,2025-02-25,2025-02,Science,Trial,49,Desktop,Organic,B
ORD0442,S07145,U1280,2025-02-25,2025-02,Chemistry,Term,399,Mobile,Email,B
ORD0443,S07151,U4990,2025-02-25,2025-02,English,Term,399,Mobile,Direct,B
ORD0444,S07157,U2339,2025-02-25,2025-02,Chemistry,Trial,49,Tablet,Direct,A
ORD0445,S07170,U5001,2025-02-25,2025-02,Physics,Term,399,Desktop,Organic,A
ORD0446,S07174,U5003,2025-02-25,2025-02,English,Monthly,149,Desktop,Direct,B
ORD0447,S07199,U5018,2025-02-26,2025-02,Physics,Monthly,149,Tablet,Social,B
ORD0448,S07234,U5044,2025-02-27,2025-02,Mathematics,Trial,49,Desktop,Email,B
ORD0449,S07247,U0918,2025-02-27,2025-02,Biology,Monthly,149,Desktop,Direct,B
ORD0450,S07248,U5055,2025-02-27,2025-02,Science,Term,399,Desktop,Organic,A
ORD0451,S07251,U5058,2025-02-27,2025-02,Mathematics,Monthly,149,Mobile,Paid,A
ORD0452,S07252,U5059,2025-02-27,2025-02,Science,Trial,49,Desktop,Paid,A
ORD0453,S07260,U1414,2025-02-27,2025-02,Science,Term,399,Desktop,Email,B
ORD0454,S07261,U4425,2025-02-27,2025-02,Mathematics,Term,399,Mobile,Paid,B
ORD0455,S07270,U5072,2025-02-27,2025-02,Biology,Term,399,Desktop,Email,B
ORD0456,S07295,U5086,2025-02-28,2025-02,Science,Term,399,Desktop,Organic,A
ORD0457,S07310,U5095,2025-02-28,2025-02,Chemistry,Term,399,Tablet,Organic,A
ORD0458,S07311,U2037,2025-02-28,2025-02,English,Monthly,149,Desktop,Organic,A
ORD0459,S07318,U5100,2025-02-28,2025-02,Mathematics,Trial,49,Mobile,Social,B
ORD0460,S07323,U5104,2025-02-28,2025-02,Science,Trial,49,Desktop,Direct,B
ORD0461,S07326,U5107,2025-02-28,2025-02,English,Term,399,Mobile,Email,B
ORD0462,S07354,U5125,2025-02-28,2025-02,Mathematics,Term,399,Desktop,Social,B
ORD0463,S07355,U5126,2025-02-28,2025-02,Mathematics,Monthly,149,Mobile,Email,A
ORD0464,S07388,U5147,2025-03-01,2025-03,English,Trial,49,Desktop,Direct,A
ORD0465,S07399,U5155,2025-03-01,2025-03,Chemistry,Monthly,149,Desktop,Email,B
ORD0466,S07429,U5175,2025-03-01,2025-03,Science,Term,399,Mobile,Social,B
ORD0467,S07438,U2504,2025-03-01,2025-03,Mathematics,Monthly,149,Tablet,Direct,A
ORD0468,S07450,U5190,2025-03-02,2025-03,Science,Monthly,149,Mobile,Email,B
ORD0469,S07464,U1906,2025-03-02,2025-03,Science,Term,399,Desktop,Email,B
ORD0470,S07476,U5208,2025-03-02,2025-03,Science,Monthly,149,Mobile,Email,B
ORD0471,S07478,U0993,2025-03-02,2025-03,Chemistry,Trial,49,Mobile,Direct,B
ORD0472,S07480,U5210,2025-03-02,2025-03,Science,Monthly,149,Desktop,Social,A
ORD0473,S07492,U5218,2025-03-02,2025-03,English,Monthly,149,Desktop,Social,B
ORD0474,S07498,U5224,2025-03-02,2025-03,Chemistry,Monthly,149,Desktop,Email,A
ORD0475,S07503,U5227,2025-03-02,2025-03,Science,Monthly,149,Desktop,Organic,B
ORD0476,S07514,U5233,2025-03-02,2025-03,Physics,Monthly,149,Mobile,Organic,B
ORD0477,S07521,U5240,2025-03-02,2025-03,Chemistry,Term,399,Desktop,Email,A
ORD0478,S07560,U0408,2025-03-03,2025-03,English,Monthly,149,Desktop,Organic,B
ORD0479,S07575,U5272,2025-03-03,2025-03,English,Monthly,149,Desktop,Organic,A
ORD0480,S07586,U3788,2025-03-03,2025-03,Mathematics,Term,399,Desktop,Direct,B
ORD0481,S07603,U0580,2025-03-03,2025-03,Mathematics,Trial,49,Desktop,Organic,B
ORD0482,S07612,U5298,2025-03-04,2025-03,Physics,Monthly,149,Desktop,Direct,B
ORD0483,S07623,U2737,2025-03-04,2025-03,Mathematics,Trial,49,Mobile,Email,A
ORD0484,S07632,U5313,2025-03-04,2025-03,Science,Monthly,149,Desktop,Organic,A
ORD0485,S07649,U5328,2025-03-04,2025-03,English,Monthly,149,Mobile,Organic,B
ORD0486,S07658,U5337,2025-03-04,2025-03,Mathematics,Monthly,149,Desktop,Direct,B
ORD0487,S07673,U5348,2025-03-04,2025-03,Mathematics,Monthly,149,Mobile,Paid,B
ORD0488,S07686,U5359,2025-03-05,2025-03,Science,Monthly,149,Desktop,Direct,A
ORD0489,S07688,U5361,2025-03-05,2025-03,Science,Monthly,149,Desktop,Email,B
ORD0490,S07698,U5370,2025-03-05,2025-03,Science,Monthly,149,Mobile,Organic,A
ORD0491,S07710,U5378,2025-03-05,2025-03,Science,Monthly,149,Desktop,Direct,B
ORD0492,S07714,U0956,2025-03-05,2025-03,Physics,Monthly,149,Mobile,Email,A
ORD0493,S07733,U4512,2025-03-05,2025-03,Biology,Monthly,149,Mobile,Direct,B
ORD0494,S07737,U5396,2025-03-05,2025-03,English,Term,399,Desktop,Email,B
ORD0495,S07751,U5408,2025-03-05,2025-03,Chemistry,Monthly,149,Desktop,Email,B
ORD0496,S07775,U5422,2025-03-06,2025-03,Chemistry,Monthly,149,Desktop,Organic,A
ORD0497,S07834,U1974,2025-03-06,2025-03,Chemistry,Trial,49,Tablet,Email,A
ORD0498,S07860,U1963,2025-03-07,2025-03,Biology,Monthly,149,Desktop,Email,B
ORD0499,S07863,U3153,2025-03-07,2025-03,Mathematics,Term,399,Desktop,Email,A
ORD0500,S07896,U5505,2025-03-07,2025-03,Physics,Monthly,149,Desktop,Direct,A
ORD0501,S07928,U5528,2025-03-08,2025-03,Science,Term,399,Mobile,Direct,A
ORD0502,S07949,U4165,2025-03-08,2025-03,Science,Monthly,149,Desktop,Direct,B
ORD0503,S07969,U5560,2025-03-08,2025-03,English,Monthly,149,Desktop,Direct,B
ORD0504,S07975,U3901,2025-03-08,2025-03,Biology,Monthly,149,Desktop,Social,B
ORD0505,S08001,U5579,2025-03-08,2025-03,Chemistry,Trial,49,Desktop,Organic,B
ORD0506,S08013,U1022,2025-03-09,2025-03,Science,Trial,49,Desktop,Email,B
ORD0507,S08014,U4802,2025-03-09,2025-03,Physics,Monthly,149,Desktop,Paid,B
ORD0508,S08029,U5602,2025-03-09,2025-03,English,Term,399,Mobile,Email,A
ORD0509,S08031,U5603,2025-03-09,2025-03,Mathematics,Monthly,149,Desktop,Organic,B
ORD0510,S08053,U5620,2025-03-09,2025-03,Physics,Trial,49,Desktop,Email,B
ORD0511,S08059,U5624,2025-03-09,2025-03,Mathematics,Term,399,Desktop,Direct,A
ORD0512,S08072,U5634,2025-03-09,2025-03,Science,Trial,49,Mobile,Organic,B
ORD0513,S08078,U2003,2025-03-09,2025-03,Mathematics,Monthly,149,Desktop,Email,B
ORD0514,S08098,U3338,2025-03-10,2025-03,Science,Monthly,149,Desktop,Email,B
ORD0515,S08107,U5659,2025-03-10,2025-03,Science,Monthly,149,Mobile,Organic,B
ORD0516,S08112,U5664,2025-03-10,2025-03,Chemistry,Monthly,149,Mobile,Email,B
ORD0517,S08126,U1916,2025-03-10,2025-03,Physics,Monthly,149,Desktop,Social,B
ORD0518,S08147,U5686,2025-03-10,2025-03,Mathematics,Trial,49,Desktop,Organic,A
ORD0519,S08154,U5692,2025-03-10,2025-03,Chemistry,Monthly,149,Mobile,Email,A
ORD0520,S08159,U2161,2025-03-10,2025-03,Mathematics,Monthly,149,Desktop,Direct,B
ORD0521,S08177,U5706,2025-03-11,2025-03,Chemistry,Trial,49,Desktop,Email,A
ORD0522,S08201,U5720,2025-03-11,2025-03,English,Monthly,149,Tablet,Direct,A
ORD0523,S08216,U5732,2025-03-11,2025-03,Physics,Trial,49,Desktop,Email,B
ORD0524,S08219,U5735,2025-03-11,2025-03,Science,Monthly,149,Desktop,Email,B
ORD0525,S08222,U5737,2025-03-11,2025-03,English,Trial,49,Desktop,Direct,B
ORD0526,S08229,U5743,2025-03-11,2025-03,Chemistry,Monthly,149,Desktop,Paid,A
ORD0527,S08231,U4214,2025-03-11,2025-03,Mathematics,Term,399,Desktop,Organic,A
ORD0528,S08247,U4402,2025-03-12,2025-03,English,Trial,49,Mobile,Email,B
ORD0529,S08249,U5520,2025-03-12,2025-03,English,Trial,49,Desktop,Organic,A
ORD0530,S08273,U4502,2025-03-12,2025-03,Chemistry,Trial,49,Desktop,Organic,A
ORD0531,S08280,U5176,2025-03-12,2025-03,Chemistry,Trial,49,Desktop,Direct,B
ORD0532,S08283,U5778,2025-03-12,2025-03,Mathematics,Trial,49,Desktop,Direct,B
ORD0533,S08301,U3727,2025-03-12,2025-03,Biology,Term,399,Tablet,Email,B
ORD0534,S08303,U5796,2025-03-12,2025-03,Mathematics,Trial,49,Mobile,Social,A
ORD0535,S08317,U5807,2025-03-12,2025-03,English,Trial,49,Mobile,Organic,B
ORD0536,S08346,U5831,2025-03-13,2025-03,English,Monthly,149,Desktop,Direct,A
ORD0537,S08359,U2589,2025-03-13,2025-03,Mathematics,Monthly,149,Desktop,Direct,B
ORD0538,S08363,U5842,2025-03-13,2025-03,Mathematics,Monthly,149,Desktop,Direct,A
ORD0539,S08388,U5856,2025-03-13,2025-03,Science,Monthly,149,Mobile,Email,B
ORD0540,S08395,U5859,2025-03-13,2025-03,Physics,Term,399,Desktop,Direct,A
ORD0541,S08417,U4882,2025-03-14,2025-03,Chemistry,Monthly,149,Mobile,Paid,B
ORD0542,S08420,U5876,2025-03-14,2025-03,Mathematics,Term,399,Desktop,Direct,A
ORD0543,S08429,U2837,2025-03-14,2025-03,Science,Monthly,149,Desktop,Email,B
ORD0544,S08473,U2798,2025-03-14,2025-03,Mathematics,Monthly,149,Desktop,Social,B
ORD0545,S08503,U5934,2025-03-15,2025-03,Biology,Trial,49,Tablet,Email,A
ORD0546,S08514,U5941,2025-03-15,2025-03,Chemistry,Trial,49,Desktop,Organic,B
ORD0547,S08528,U5954,2025-03-15,2025-03,English,Trial,49,Mobile,Organic,B
ORD0548,S08534,U3495,2025-03-15,2025-03,English,Monthly,149,Mobile,Email,A
ORD0549,S08573,U5985,2025-03-16,2025-03,Mathematics,Monthly,149,Mobile,Email,A
ORD0550,S08576,U1754,2025-03-16,2025-03,Mathematics,Monthly,149,Mobile,Email,A
ORD0551,S08596,U6002,2025-03-16,2025-03,Biology,Trial,49,Desktop,Email,A
ORD0552,S08597,U1611,2025-03-16,2025-03,English,Trial,49,Desktop,Organic,B
ORD0553,S08618,U6018,2025-03-16,2025-03,Mathematics,Monthly,149,Desktop,Direct,A
ORD0554,S08622,U6021,2025-03-16,2025-03,English,Monthly,149,Desktop,Social,A
ORD0555,S08632,U3815,2025-03-16,2025-03,English,Trial,49,Desktop,Social,B
ORD0556,S08644,U3891,2025-03-17,2025-03,Mathematics,Trial,49,Desktop,Direct,A
ORD0557,S08646,U6035,2025-03-17,2025-03,Physics,Trial,49,Desktop,Direct,A
ORD0558,S08676,U6048,2025-03-17,2025-03,Mathematics,Trial,49,Desktop,Organic,B
ORD0559,S08684,U6053,2025-03-17,2025-03,Science,Monthly,149,Desktop,Organic,A
ORD0560,S08689,U5468,2025-03-17,2025-03,Mathematics,Term,399,Desktop,Email,B
ORD0561,S08701,U6066,2025-03-17,2025-03,Science,Monthly,149,Desktop,Email,A
ORD0562,S08707,U6071,2025-03-17,2025-03,Science,Trial,49,Desktop,Organic,B
ORD0563,S08724,U0169,2025-03-18,2025-03,English,Term,399,Mobile,Organic,A
ORD0564,S08728,U6085,2025-03-18,2025-03,Mathematics,Term,399,Desktop,Social,B
ORD0565,S08745,U0416,2025-03-18,2025-03,Chemistry,Term,399,Desktop,Organic,A
ORD0566,S08748,U3560,2025-03-18,2025-03,English,Trial,49,Desktop,Email,B
ORD0567,S08756,U5446,2025-03-18,2025-03,English,Monthly,149,Mobile,Direct,A
ORD0568,S08765,U6110,2025-03-18,2025-03,Mathematics,Monthly,149,Desktop,Organic,A
ORD0569,S08778,U6119,2025-03-18,2025-03,Chemistry,Monthly,149,Mobile,Organic,B
ORD0570,S08779,U5078,2025-03-18,2025-03,Mathematics,Monthly,149,Desktop,Paid,B
ORD0571,S08785,U6125,2025-03-18,2025-03,English,Monthly,149,Desktop,Organic,A
ORD0572,S08787,U0260,2025-03-18,2025-03,Mathematics,Monthly,149,Mobile,Email,B
ORD0573,S08789,U3346,2025-03-18,2025-03,Physics,Trial,49,Desktop,Organic,A
ORD0574,S08791,U0710,2025-03-18,2025-03,Science,Trial,49,Desktop,Organic,B
ORD0575,S08808,U1939,2025-03-19,2025-03,English,Term,399,Tablet,Organic,A
ORD0576,S08816,U6146,2025-03-19,2025-03,English,Monthly,149,Desktop,Email,B
ORD0577,S08828,U6156,2025-03-19,2025-03,Mathematics,Trial,49,Desktop,Direct,B
ORD0578,S08830,U6157,2025-03-19,2025-03,Mathematics,Monthly,149,Tablet,Social,B
ORD0579,S08842,U1410,2025-03-19,2025-03,English,Trial,49,Desktop,Direct,A
ORD0580,S08845,U1014,2025-03-19,2025-03,Biology,Trial,49,Desktop,Email,B
ORD0581,S08847,U4510,2025-03-19,2025-03,Chemistry,Trial,49,Desktop,Direct,B
ORD0582,S08848,U2041,2025-03-19,2025-03,Physics,Monthly,149,Desktop,Social,B
ORD0583,S08855,U6172,2025-03-19,2025-03,Chemistry,Monthly,149,Mobile,Organic,A
ORD0584,S08861,U6177,2025-03-19,2025-03,Science,Monthly,149,Desktop,Email,B
ORD0585,S08866,U6180,2025-03-19,2025-03,Science,Term,399,Desktop,Direct,A
ORD0586,S08877,U6187,2025-03-19,2025-03,English,Monthly,149,Desktop,Direct,B
ORD0587,S08893,U6198,2025-03-19,2025-03,Mathematics,Term,399,Mobile,Email,B
ORD0588,S08908,U6206,2025-03-20,2025-03,Mathematics,Trial,49,Mobile,Direct,A
ORD0589,S08912,U6209,2025-03-20,2025-03,Mathematics,Monthly,149,Tablet,Email,B
ORD0590,S08969,U6253,2025-03-21,2025-03,Science,Trial,49,Desktop,Email,A
ORD0591,S08973,U6257,2025-03-21,2025-03,Science,Trial,49,Desktop,Organic,A
ORD0592,S09001,U6275,2025-03-21,2025-03,English,Monthly,149,Mobile,Organic,A
ORD0593,S09028,U6296,2025-03-21,2025-03,Mathematics,Trial,49,Desktop,Organic,A
ORD0594,S09030,U6297,2025-03-21,2025-03,Mathematics,Monthly,149,Desktop,Paid,A
ORD0595,S09034,U6300,2025-03-21,2025-03,Mathematics,Monthly,149,Desktop,Organic,B
ORD0596,S09037,U6302,2025-03-21,2025-03,Chemistry,Trial,49,Desktop,Paid,B
ORD0597,S09051,U4549,2025-03-22,2025-03,Mathematics,Monthly,149,Desktop,Direct,A
ORD0598,S09052,U4611,2025-03-22,2025-03,Chemistry,Term,399,Desktop,Organic,A
ORD0599,S09061,U4691,2025-03-22,2025-03,English,Term,399,Desktop,Email,A
ORD0600,S09075,U4470,2025-03-22,2025-03,Mathematics,Trial,49,Mobile,Email,B
ORD0601,S09099,U4403,2025-03-22,2025-03,Chemistry,Monthly,149,Mobile,Email,A
ORD0602,S09130,U6363,2025-03-23,2025-03,Mathematics,Trial,49,Desktop,Organic,B
ORD0603,S09144,U6373,2025-03-23,2025-03,Mathematics,Trial,49,Mobile,Email,B
ORD0604,S09161,U1409,2025-03-23,2025-03,Chemistry,Monthly,149,Desktop,Organic,A
ORD0605,S09169,U6392,2025-03-23,2025-03,Biology,Monthly,149,Desktop,Organic,B
ORD0606,S09176,U6398,2025-03-23,2025-03,Mathematics,Term,399,Mobile,Email,B
ORD0607,S09183,U3265,2025-03-23,2025-03,Science,Monthly,149,Desktop,Organic,A
ORD0608,S09185,U6404,2025-03-23,2025-03,Mathematics,Trial,49,Desktop,Email,B
ORD0609,S09188,U6406,2025-03-23,2025-03,Biology,Monthly,149,Mobile,Direct,B
ORD0610,S09189,U0614,2025-03-23,2025-03,English,Term,399,Mobile,Direct,B
ORD0611,S09196,U6411,2025-03-23,2025-03,Biology,Trial,49,Desktop,Social,A
ORD0612,S09207,U6419,2025-03-24,2025-03,Biology,Trial,49,Desktop,Email,B
ORD0613,S09210,U6421,2025-03-24,2025-03,Physics,Term,399,Desktop,Organic,B
ORD0614,S09240,U6441,2025-03-24,2025-03,Science,Monthly,149,Desktop,Organic,A
ORD0615,S09243,U5349,2025-03-24,2025-03,Science,Monthly,149,Mobile,Paid,B
ORD0616,S09270,U0902,2025-03-25,2025-03,Mathematics,Trial,49,Desktop,Email,B
ORD0617,S09299,U6487,2025-03-25,2025-03,Physics,Monthly,149,Desktop,Paid,A
ORD0618,S09329,U6505,2025-03-25,2025-03,Science,Trial,49,Tablet,Email,A
ORD0619,S09351,U6523,2025-03-26,2025-03,Chemistry,Trial,49,Desktop,Organic,B
ORD0620,S09372,U4567,2025-03-26,2025-03,Mathematics,Trial,49,Desktop,Social,A
ORD0621,S09382,U1464,2025-03-26,2025-03,Physics,Term,399,Tablet,Direct,A
ORD0622,S09433,U6572,2025-03-27,2025-03,Biology,Monthly,149,Tablet,Email,A
ORD0623,S09439,U0081,2025-03-27,2025-03,Biology,Monthly,149,Mobile,Organic,B
ORD0624,S09451,U6584,2025-03-27,2025-03,Mathematics,Monthly,149,Desktop,Social,A
ORD0625,S09459,U6590,2025-03-27,2025-03,Physics,Monthly,149,Desktop,Direct,A
ORD0626,S09476,U6604,2025-03-27,2025-03,English,Trial,49,Desktop,Social,B
ORD0627,S09483,U6608,2025-03-27,2025-03,Science,Term,399,Mobile,Email,A
ORD0628,S09496,U6618,2025-03-27,2025-03,Mathematics,Term,399,Desktop,Paid,B
ORD0629,S09499,U6621,2025-03-27,2025-03,Mathematics,Term,399,Desktop,Email,B
ORD0630,S09500,U6622,2025-03-27,2025-03,Science,Trial,49,Desktop,Social,A
ORD0631,S09519,U6635,2025-03-28,2025-03,Mathematics,Term,399,Mobile,Paid,A
ORD0632,S09521,U6636,2025-03-28,2025-03,English,Monthly,149,Tablet,Email,B
ORD0633,S09533,U6644,2025-03-28,2025-03,Mathematics,Trial,49,Mobile,Direct,B
ORD0634,S09547,U6655,2025-03-28,2025-03,Science,Monthly,149,Desktop,Direct,B
ORD0635,S09558,U6663,2025-03-28,2025-03,Physics,Monthly,149,Desktop,Email,B
ORD0636,S09559,U6664,2025-03-28,2025-03,English,Monthly,149,Tablet,Direct,A
ORD0637,S09563,U6667,2025-03-28,2025-03,Science,Trial,49,Mobile,Email,A
ORD0638,S09570,U6673,2025-03-28,2025-03,Biology,Monthly,149,Desktop,Paid,A
ORD0639,S09571,U6674,2025-03-28,2025-03,Mathematics,Term,399,Desktop,Email,A
ORD0640,S09586,U6688,2025-03-28,2025-03,Biology,Term,399,Desktop,Direct,B
ORD0641,S09592,U6693,2025-03-28,2025-03,Physics,Trial,49,Desktop,Email,B
ORD0642,S09594,U6694,2025-03-28,2025-03,Biology,Monthly,149,Desktop,Email,B
ORD0643,S09596,U1109,2025-03-28,2025-03,Science,Term,399,Mobile,Direct,B
ORD0644,S09602,U6699,2025-03-29,2025-03,English,Term,399,Desktop,Email,A
ORD0645,S09629,U6717,2025-03-29,2025-03,Science,Monthly,149,Desktop,Organic,B
ORD0646,S09676,U6749,2025-03-29,2025-03,Science,Monthly,149,Desktop,Organic,B
ORD0647,S09677,U1494,2025-03-29,2025-03,English,Term,399,Desktop,Social,B
ORD0648,S09682,U5406,2025-03-30,2025-03,Mathematics,Term,399,Desktop,Paid,A
ORD0649,S09691,U1812,2025-03-30,2025-03,Science,Term,399,Desktop,Email,B
ORD0650,S09701,U3917,2025-03-30,2025-03,English,Term,399,Desktop,Paid,A
ORD0651,S09702,U6763,2025-03-30,2025-03,Science,Term,399,Desktop,Organic,B
ORD0652,S09703,U6764,2025-03-30,2025-03,English,Term,399,Desktop,Direct,A
ORD0653,S09704,U6765,2025-03-30,2025-03,Physics,Monthly,149,Mobile,Direct,B
ORD0654,S09741,U6792,2025-03-30,2025-03,English,Monthly,149,Desktop,Organic,B
ORD0655,S09774,U6818,2025-03-31,2025-03,Mathematics,Monthly,149,Tablet,Email,A
ORD0656,S09789,U5598,2025-03-31,2025-03,Physics,Monthly,149,Desktop,Direct,A
ORD0657,S09810,U6842,2025-03-31,2025-03,Chemistry,Monthly,149,Mobile,Email,A
ORD0658,S09828,U6856,2025-03-31,2025-03,Mathematics,Monthly,149,Desktop,Email,B
